,Test,Statistic,p-value
0,Shapiro-Wilk,0.9650114884778311,9.136470197586552e-15
