,Test,Statistic,p-value
0,Shapiro-Wilk,0.881032515157521,4.7377246383023314e-23
