,Test,Statistic,p-value
0,Shapiro-Wilk,0.9933349405699223,0.00018828534469224784
