,Test,Statistic,p-value
0,Shapiro-Wilk,0.9914727055667657,1.5489061042384784e-05
