,Test,Statistic,p-value
0,Shapiro-Wilk,0.9655001508662351,3.1108159339464776e-55
