,Test,Statistic,p-value
0,Shapiro-Wilk,0.9837020227943475,3.956506297313042e-09
