,Test,Statistic,p-value
0,Shapiro-Wilk,0.9570717766533378,1.171831445868045e-13
