,Test,Statistic,p-value
0,Shapiro-Wilk,0.963499601165917,4.0185706085430205e-15
