,Test,Statistic,p-value
0,Shapiro-Wilk,0.9512062916392502,0.0009969962076450847
