,Test,Statistic,p-value
0,Shapiro-Wilk,0.9367806929033582,2.6137871254237447e-05
