,Test,Statistic,p-value
0,Shapiro-Wilk,0.9634996011659156,4.018570608539887e-15
