,Test,Statistic,p-value
0,Shapiro-Wilk,0.9485993821614797,3.505096639577526e-18
