,Test,Statistic,p-value
0,Shapiro-Wilk,0.9915559885529102,1.0758885586971282e-16
